Title,Product URL,Price,Colors,Sizes,Image URLs,Add to Cart
S/S Pocket Tee,https://www.supremenewyork.com/shop/tops-sweaters/gsvpu04hm,¥11000,"Green,White,Black,Violet,Red,Brown","https://www.supremenewyork.com/shop/tops-sweaters/gsvpu04hm/yg9os7emd,https://www.supremenewyork.com/shop/tops-sweaters/gsvpu04hm/daut7cmd1,https://www.supremenewyork.com/shop/tops-sweaters/gsvpu04hm/xtfuk59si,https://www.supremenewyork.com/shop/tops-sweaters/gsvpu04hm/vojslqzc2,https://www.supremenewyork.com/shop/tops-sweaters/gsvpu04hm/yt5u26n1d,https://www.supremenewyork.com/shop/tops-sweaters/gsvpu04hm/dkbrxlfcy"
Small Box Facemask Zip Up Hooded Sweatshirt,https://www.supremenewyork.com/shop/sweatshirts/lvp2tx5i1,¥29700,"Plum,Cyan,Heather Grey,Natural,Dark Olive,Black,Yellow","https://www.supremenewyork.com/shop/sweatshirts/lvp2tx5i1/mj18rd7qk,https://www.supremenewyork.com/shop/sweatshirts/lvp2tx5i1/mj18rd7qk?alt=0,https://www.supremenewyork.com/shop/sweatshirts/lvp2tx5i1/yy8a4duzb,https://www.supremenewyork.com/shop/sweatshirts/lvp2tx5i1/yy8a4duzb?alt=0,https://www.supremenewyork.com/shop/sweatshirts/lvp2tx5i1/av6yzd2cu,https://www.supremenewyork.com/shop/sweatshirts/lvp2tx5i1/av6yzd2cu?alt=0,https://www.supremenewyork.com/shop/sweatshirts/lvp2tx5i1/mvigoa4mz,https://www.supremenewyork.com/shop/sweatshirts/lvp2tx5i1/mvigoa4mz?alt=0,https://www.supremenewyork.com/shop/sweatshirts/lvp2tx5i1/thaueioyg,https://www.supremenewyork.com/shop/sweatshirts/lvp2tx5i1/thaueioyg?alt=0,https://www.supremenewyork.com/shop/sweatshirts/lvp2tx5i1/mglnsiczt,https://www.supremenewyork.com/shop/sweatshirts/lvp2tx5i1/mglnsiczt?alt=0,https://www.supremenewyork.com/shop/sweatshirts/lvp2tx5i1/evp8so5rx,https://www.supremenewyork.com/shop/sweatshirts/lvp2tx5i1/evp8so5rx?alt=0"
Canvas Backpack,https://www.supremenewyork.com/shop/bags/tb6dz0rkc,¥15400,"White,Black","https://www.supremenewyork.com/shop/bags/tb6dz0rkc/cy9w3tqv0,https://www.supremenewyork.com/shop/bags/tb6dz0rkc/cy9w3tqv0?alt=0,https://www.supremenewyork.com/shop/bags/tb6dz0rkc/cy9w3tqv0?alt=1,https://www.supremenewyork.com/shop/bags/tb6dz0rkc/dxqpgy7rf,https://www.supremenewyork.com/shop/bags/tb6dz0rkc/dxqpgy7rf?alt=0,https://www.supremenewyork.com/shop/bags/tb6dz0rkc/dxqpgy7rf?alt=1"
Snowman Beanie,https://www.supremenewyork.com/shop/hats/xlw5r4xyi,¥5500,"Light Navy,Pale Mint,Black,Red,Brown","https://www.supremenewyork.com/shop/hats/xlw5r4xyi/kxzmy48oj,https://www.supremenewyork.com/shop/hats/xlw5r4xyi/hzo1wtup2,https://www.supremenewyork.com/shop/hats/xlw5r4xyi/jb0d8c47p,https://www.supremenewyork.com/shop/hats/xlw5r4xyi/w18cmhd3y,https://www.supremenewyork.com/shop/hats/xlw5r4xyi/ja0irgte1"
Supreme®/Hanes® Boxer Briefs (4 Pack),https://www.supremenewyork.com/shop/accessories/lo6whmi57,¥6600,"White,Black","https://www.supremenewyork.com/shop/accessories/lo6whmi57/u7cr9t2si,https://www.supremenewyork.com/shop/accessories/lo6whmi57/kvgsy1l4b"
Sling Bag,https://www.supremenewyork.com/shop/bags/kvq268clp,¥12100,"Purple,Woodland Camo,Orange,Black","https://www.supremenewyork.com/shop/bags/kvq268clp/nslgqkj7p,https://www.supremenewyork.com/shop/bags/kvq268clp/nslgqkj7p?alt=0,https://www.supremenewyork.com/shop/bags/kvq268clp/gja6ulbx3,https://www.supremenewyork.com/shop/bags/kvq268clp/gja6ulbx3?alt=0,https://www.supremenewyork.com/shop/bags/kvq268clp/n1rz4jbhi,https://www.supremenewyork.com/shop/bags/kvq268clp/n1rz4jbhi?alt=0,https://www.supremenewyork.com/shop/bags/kvq268clp/p2zr8dpqc,https://www.supremenewyork.com/shop/bags/kvq268clp/p2zr8dpqc?alt=0"
Support Unit Varsity Jacket,https://www.supremenewyork.com/shop/jackets/jxln9pha5,¥55000,"Light Blue,Black","https://www.supremenewyork.com/shop/jackets/jxln9pha5/o5bzny6wf,https://www.supremenewyork.com/shop/jackets/jxln9pha5/o5bzny6wf?alt=0,https://www.supremenewyork.com/shop/jackets/jxln9pha5/o5bzny6wf?alt=1,https://www.supremenewyork.com/shop/jackets/jxln9pha5/dryeusmoa,https://www.supremenewyork.com/shop/jackets/jxln9pha5/dryeusmoa?alt=0,https://www.supremenewyork.com/shop/jackets/jxln9pha5/dryeusmoa?alt=1"
Supreme®/Hanes® Tagless Tees (3 Pack),https://www.supremenewyork.com/shop/accessories/ys07dgknj,¥5500,"White,Black","https://www.supremenewyork.com/shop/accessories/ys07dgknj/e9oy8b3pi,https://www.supremenewyork.com/shop/accessories/ys07dgknj/u7juap0ro"
Pack Vest,https://www.supremenewyork.com/shop/bags/ipuzsa0h6,¥22000,"Purple,Woodland Camo,Orange,Black","https://www.supremenewyork.com/shop/bags/ipuzsa0h6/c0l4sfd89,https://www.supremenewyork.com/shop/bags/ipuzsa0h6/c0l4sfd89?alt=0,https://www.supremenewyork.com/shop/bags/ipuzsa0h6/c0l4sfd89?alt=1,https://www.supremenewyork.com/shop/bags/ipuzsa0h6/cc1vj8s37,https://www.supremenewyork.com/shop/bags/ipuzsa0h6/cc1vj8s37?alt=0,https://www.supremenewyork.com/shop/bags/ipuzsa0h6/cc1vj8s37?alt=1,https://www.supremenewyork.com/shop/bags/ipuzsa0h6/ho2f3rv5q,https://www.supremenewyork.com/shop/bags/ipuzsa0h6/ho2f3rv5q?alt=0,https://www.supremenewyork.com/shop/bags/ipuzsa0h6/ho2f3rv5q?alt=1,https://www.supremenewyork.com/shop/bags/ipuzsa0h6/jy69zjg02,https://www.supremenewyork.com/shop/bags/ipuzsa0h6/jy69zjg02?alt=0,https://www.supremenewyork.com/shop/bags/ipuzsa0h6/jy69zjg02?alt=1"
Neck Pouch,https://www.supremenewyork.com/shop/bags/i1k7al890,¥6600,"Purple,Woodland Camo,Orange,Black","https://www.supremenewyork.com/shop/bags/i1k7al890/oeufn85j6,https://www.supremenewyork.com/shop/bags/i1k7al890/oeufn85j6?alt=0,https://www.supremenewyork.com/shop/bags/i1k7al890/d46ivamq7,https://www.supremenewyork.com/shop/bags/i1k7al890/d46ivamq7?alt=0,https://www.supremenewyork.com/shop/bags/i1k7al890/za8dzs241,https://www.supremenewyork.com/shop/bags/i1k7al890/za8dzs241?alt=0,https://www.supremenewyork.com/shop/bags/i1k7al890/p9vsm3q7d,https://www.supremenewyork.com/shop/bags/i1k7al890/p9vsm3q7d?alt=0"
Micro Down Pant,https://www.supremenewyork.com/shop/pants/zcdhg5o7p,¥31900,"Pink,Dark Orange,Teal,Black,Leopard","https://www.supremenewyork.com/shop/pants/zcdhg5o7p/betjy2xqu,https://www.supremenewyork.com/shop/pants/zcdhg5o7p/betjy2xqu?alt=0,https://www.supremenewyork.com/shop/pants/zcdhg5o7p/betjy2xqu?alt=1,https://www.supremenewyork.com/shop/pants/zcdhg5o7p/jrkpxhui0,https://www.supremenewyork.com/shop/pants/zcdhg5o7p/jrkpxhui0?alt=0,https://www.supremenewyork.com/shop/pants/zcdhg5o7p/jrkpxhui0?alt=1,https://www.supremenewyork.com/shop/pants/zcdhg5o7p/uxapgz9vj,https://www.supremenewyork.com/shop/pants/zcdhg5o7p/uxapgz9vj?alt=0,https://www.supremenewyork.com/shop/pants/zcdhg5o7p/uxapgz9vj?alt=1,https://www.supremenewyork.com/shop/pants/zcdhg5o7p/j2e73ij9h,https://www.supremenewyork.com/shop/pants/zcdhg5o7p/j2e73ij9h?alt=0,https://www.supremenewyork.com/shop/pants/zcdhg5o7p/j2e73ij9h?alt=1,https://www.supremenewyork.com/shop/pants/zcdhg5o7p/ht6sgzidv,https://www.supremenewyork.com/shop/pants/zcdhg5o7p/ht6sgzidv?alt=0,https://www.supremenewyork.com/shop/pants/zcdhg5o7p/ht6sgzidv?alt=1"
Featherweight Down Jacket,https://www.supremenewyork.com/shop/jackets/pdhxk8u27,¥55000,"Purple,Brown,White,Black","https://www.supremenewyork.com/shop/jackets/pdhxk8u27/bh93e1orl,https://www.supremenewyork.com/shop/jackets/pdhxk8u27/bh93e1orl?alt=0,https://www.supremenewyork.com/shop/jackets/pdhxk8u27/bh93e1orl?alt=1,https://www.supremenewyork.com/shop/jackets/pdhxk8u27/n4dyc73o2,https://www.supremenewyork.com/shop/jackets/pdhxk8u27/n4dyc73o2?alt=0,https://www.supremenewyork.com/shop/jackets/pdhxk8u27/n4dyc73o2?alt=1,https://www.supremenewyork.com/shop/jackets/pdhxk8u27/pjombrvdk,https://www.supremenewyork.com/shop/jackets/pdhxk8u27/pjombrvdk?alt=0,https://www.supremenewyork.com/shop/jackets/pdhxk8u27/pjombrvdk?alt=1,https://www.supremenewyork.com/shop/jackets/pdhxk8u27/zb6pozk0f,https://www.supremenewyork.com/shop/jackets/pdhxk8u27/zb6pozk0f?alt=0,https://www.supremenewyork.com/shop/jackets/pdhxk8u27/zb6pozk0f?alt=1"
Zip-Off Utility Pant,https://www.supremenewyork.com/shop/pants/v9rmnpwq6,¥25300,"Purple,Denim,Khaki,Black","https://www.supremenewyork.com/shop/pants/v9rmnpwq6/rbldhe4at,https://www.supremenewyork.com/shop/pants/v9rmnpwq6/rbldhe4at?alt=0,https://www.supremenewyork.com/shop/pants/v9rmnpwq6/rbldhe4at?alt=1,https://www.supremenewyork.com/shop/pants/v9rmnpwq6/rbldhe4at?alt=2,https://www.supremenewyork.com/shop/pants/v9rmnpwq6/cs8e6l7kv,https://www.supremenewyork.com/shop/pants/v9rmnpwq6/cs8e6l7kv?alt=0,https://www.supremenewyork.com/shop/pants/v9rmnpwq6/cs8e6l7kv?alt=1,https://www.supremenewyork.com/shop/pants/v9rmnpwq6/cs8e6l7kv?alt=2,https://www.supremenewyork.com/shop/pants/v9rmnpwq6/h3tflp5a6,https://www.supremenewyork.com/shop/pants/v9rmnpwq6/h3tflp5a6?alt=0,https://www.supremenewyork.com/shop/pants/v9rmnpwq6/h3tflp5a6?alt=1,https://www.supremenewyork.com/shop/pants/v9rmnpwq6/h3tflp5a6?alt=2,https://www.supremenewyork.com/shop/pants/v9rmnpwq6/jwkbvlfhp,https://www.supremenewyork.com/shop/pants/v9rmnpwq6/jwkbvlfhp?alt=0,https://www.supremenewyork.com/shop/pants/v9rmnpwq6/jwkbvlfhp?alt=1,https://www.supremenewyork.com/shop/pants/v9rmnpwq6/jwkbvlfhp?alt=2"
Cotton Cinch Pant,https://www.supremenewyork.com/shop/pants/ypu16h8jl,¥18700,"Tan,Black,Dark Magenta,Dark Green","https://www.supremenewyork.com/shop/pants/ypu16h8jl/v2r7mgdi0,https://www.supremenewyork.com/shop/pants/ypu16h8jl/v2r7mgdi0?alt=0,https://www.supremenewyork.com/shop/pants/ypu16h8jl/v2r7mgdi0?alt=1,https://www.supremenewyork.com/shop/pants/ypu16h8jl/htckpnv3q,https://www.supremenewyork.com/shop/pants/ypu16h8jl/htckpnv3q?alt=0,https://www.supremenewyork.com/shop/pants/ypu16h8jl/htckpnv3q?alt=1,https://www.supremenewyork.com/shop/pants/ypu16h8jl/gs3co9u1a,https://www.supremenewyork.com/shop/pants/ypu16h8jl/gs3co9u1a?alt=0,https://www.supremenewyork.com/shop/pants/ypu16h8jl/gs3co9u1a?alt=1,https://www.supremenewyork.com/shop/pants/ypu16h8jl/sfqa42dji,https://www.supremenewyork.com/shop/pants/ypu16h8jl/sfqa42dji?alt=0,https://www.supremenewyork.com/shop/pants/ypu16h8jl/sfqa42dji?alt=1"
Shockcord Camp Cap,https://www.supremenewyork.com/shop/hats/cr9140kxu,¥8800,"Olive,Plum,Stone,Blue,Orange,Black,Brown","https://www.supremenewyork.com/shop/hats/cr9140kxu/eb9dze4l1,https://www.supremenewyork.com/shop/hats/cr9140kxu/eb9dze4l1?alt=0,https://www.supremenewyork.com/shop/hats/cr9140kxu/x3ezrmylj,https://www.supremenewyork.com/shop/hats/cr9140kxu/x3ezrmylj?alt=0,https://www.supremenewyork.com/shop/hats/cr9140kxu/gumqr5d2y,https://www.supremenewyork.com/shop/hats/cr9140kxu/gumqr5d2y?alt=0,https://www.supremenewyork.com/shop/hats/cr9140kxu/w7xosg3fr,https://www.supremenewyork.com/shop/hats/cr9140kxu/w7xosg3fr?alt=0,https://www.supremenewyork.com/shop/hats/cr9140kxu/ojtvb9pgi,https://www.supremenewyork.com/shop/hats/cr9140kxu/ojtvb9pgi?alt=0,https://www.supremenewyork.com/shop/hats/cr9140kxu/x2jsmlhrk,https://www.supremenewyork.com/shop/hats/cr9140kxu/x2jsmlhrk?alt=0,https://www.supremenewyork.com/shop/hats/cr9140kxu/toxqhwyd6,https://www.supremenewyork.com/shop/hats/cr9140kxu/toxqhwyd6?alt=0"
Christopher Wool/SupremeS/S Shirt,https://www.supremenewyork.com/shop/shirts/olz3o91uj,¥22000,"Red,Black","https://www.supremenewyork.com/shop/shirts/olz3o91uj/lr09c3otw,https://www.supremenewyork.com/shop/shirts/olz3o91uj/lr09c3otw?alt=0,https://www.supremenewyork.com/shop/shirts/olz3o91uj/lr09c3otw?alt=1,https://www.supremenewyork.com/shop/shirts/olz3o91uj/jwhogn7ce,https://www.supremenewyork.com/shop/shirts/olz3o91uj/jwhogn7ce?alt=0,https://www.supremenewyork.com/shop/shirts/olz3o91uj/jwhogn7ce?alt=1"
Supreme®/Independent® Truck,https://www.supremenewyork.com/shop/skate/azamhi894,¥8800,"Silver","https://www.supremenewyork.com/shop/skate/azamhi894/idw8x7fs1"
Lady Pink/Supreme Mesh Back 5-Panel,https://www.supremenewyork.com/shop/hats/o8jy02vak,¥8250,"Woodland Camo,Pink,Black,Royal","https://www.supremenewyork.com/shop/hats/o8jy02vak/vb1ohlxw4,https://www.supremenewyork.com/shop/hats/o8jy02vak/vb1ohlxw4?alt=0,https://www.supremenewyork.com/shop/hats/o8jy02vak/aubviy9a2,https://www.supremenewyork.com/shop/hats/o8jy02vak/aubviy9a2?alt=0,https://www.supremenewyork.com/shop/hats/o8jy02vak/su1a2sp5o,https://www.supremenewyork.com/shop/hats/o8jy02vak/su1a2sp5o?alt=0,https://www.supremenewyork.com/shop/hats/o8jy02vak/z3hnexbfa,https://www.supremenewyork.com/shop/hats/o8jy02vak/z3hnexbfa?alt=0"
Lady Pink/Supreme Tray,https://www.supremenewyork.com/shop/accessories/rx4yigp71,¥8800,"Ladies Room at Art and Design ,Super Sport Camero","https://www.supremenewyork.com/shop/accessories/rx4yigp71/zfiqlo68y,https://www.supremenewyork.com/shop/accessories/rx4yigp71/zfiqlo68y?alt=0,https://www.supremenewyork.com/shop/accessories/rx4yigp71/pwpe9r8k5,https://www.supremenewyork.com/shop/accessories/rx4yigp71/pwpe9r8k5?alt=0"
Micro Down Half Zip Hooded Pullover,https://www.supremenewyork.com/shop/jackets/ii73kf2e9,¥35200,"Dark Orange,Pink,Teal,Black,Leopard","https://www.supremenewyork.com/shop/jackets/ii73kf2e9/h05m8dy71,https://www.supremenewyork.com/shop/jackets/ii73kf2e9/h05m8dy71?alt=0,https://www.supremenewyork.com/shop/jackets/ii73kf2e9/h05m8dy71?alt=1,https://www.supremenewyork.com/shop/jackets/ii73kf2e9/qo2gcvi50,https://www.supremenewyork.com/shop/jackets/ii73kf2e9/qo2gcvi50?alt=0,https://www.supremenewyork.com/shop/jackets/ii73kf2e9/qo2gcvi50?alt=1,https://www.supremenewyork.com/shop/jackets/ii73kf2e9/yeu1ldgqf,https://www.supremenewyork.com/shop/jackets/ii73kf2e9/yeu1ldgqf?alt=0,https://www.supremenewyork.com/shop/jackets/ii73kf2e9/yeu1ldgqf?alt=1,https://www.supremenewyork.com/shop/jackets/ii73kf2e9/d0hzykxno,https://www.supremenewyork.com/shop/jackets/ii73kf2e9/d0hzykxno?alt=0,https://www.supremenewyork.com/shop/jackets/ii73kf2e9/d0hzykxno?alt=1,https://www.supremenewyork.com/shop/jackets/ii73kf2e9/n8qgnypel,https://www.supremenewyork.com/shop/jackets/ii73kf2e9/n8qgnypel?alt=0,https://www.supremenewyork.com/shop/jackets/ii73kf2e9/n8qgnypel?alt=1"
Bleached Hooded Sweatshirt,https://www.supremenewyork.com/shop/sweatshirts/ot1ujfnl5,¥27500,"Dark Green,Dark Royal,Black","https://www.supremenewyork.com/shop/sweatshirts/ot1ujfnl5/e6hz9e4rt,https://www.supremenewyork.com/shop/sweatshirts/ot1ujfnl5/e6hz9e4rt?alt=0,https://www.supremenewyork.com/shop/sweatshirts/ot1ujfnl5/tjdzwr4pk,https://www.supremenewyork.com/shop/sweatshirts/ot1ujfnl5/tjdzwr4pk?alt=0,https://www.supremenewyork.com/shop/sweatshirts/ot1ujfnl5/ewqeicofd,https://www.supremenewyork.com/shop/sweatshirts/ot1ujfnl5/ewqeicofd?alt=0"
Corduroy Zip Jacket,https://www.supremenewyork.com/shop/jackets/m2gkp5scq,¥27500,"Pale Yellow,Blue,Black","https://www.supremenewyork.com/shop/jackets/m2gkp5scq/orq21jko6,https://www.supremenewyork.com/shop/jackets/m2gkp5scq/orq21jko6?alt=0,https://www.supremenewyork.com/shop/jackets/m2gkp5scq/orq21jko6?alt=1,https://www.supremenewyork.com/shop/jackets/m2gkp5scq/p7bcd8i0e,https://www.supremenewyork.com/shop/jackets/m2gkp5scq/p7bcd8i0e?alt=0,https://www.supremenewyork.com/shop/jackets/m2gkp5scq/p7bcd8i0e?alt=1,https://www.supremenewyork.com/shop/jackets/m2gkp5scq/dq5mupo9f,https://www.supremenewyork.com/shop/jackets/m2gkp5scq/dq5mupo9f?alt=0,https://www.supremenewyork.com/shop/jackets/m2gkp5scq/dq5mupo9f?alt=1"
Est. 1994 6-Panel,https://www.supremenewyork.com/shop/hats/u1q8c7wtx,¥7700,"Olive,Purple,Stone,Teal,Black,Red","https://www.supremenewyork.com/shop/hats/u1q8c7wtx/iy4bolmat,https://www.supremenewyork.com/shop/hats/u1q8c7wtx/iy4bolmat?alt=0,https://www.supremenewyork.com/shop/hats/u1q8c7wtx/ebx4wtvsg,https://www.supremenewyork.com/shop/hats/u1q8c7wtx/ebx4wtvsg?alt=0,https://www.supremenewyork.com/shop/hats/u1q8c7wtx/o10p934nx,https://www.supremenewyork.com/shop/hats/u1q8c7wtx/o10p934nx?alt=0,https://www.supremenewyork.com/shop/hats/u1q8c7wtx/i7wf1ngab,https://www.supremenewyork.com/shop/hats/u1q8c7wtx/i7wf1ngab?alt=0,https://www.supremenewyork.com/shop/hats/u1q8c7wtx/z1530nucg,https://www.supremenewyork.com/shop/hats/u1q8c7wtx/z1530nucg?alt=0,https://www.supremenewyork.com/shop/hats/u1q8c7wtx/qmehgi719,https://www.supremenewyork.com/shop/hats/u1q8c7wtx/qmehgi719?alt=0"
Wool Camp Cap,https://www.supremenewyork.com/shop/hats/e6v8ano32,¥9350,"Olive,Purple,Pink,Blue,White,Black,Red","https://www.supremenewyork.com/shop/hats/e6v8ano32/u1jzn0xyt,https://www.supremenewyork.com/shop/hats/e6v8ano32/u1jzn0xyt?alt=0,https://www.supremenewyork.com/shop/hats/e6v8ano32/z9f6ibg0l,https://www.supremenewyork.com/shop/hats/e6v8ano32/z9f6ibg0l?alt=0,https://www.supremenewyork.com/shop/hats/e6v8ano32/phij9bmfn,https://www.supremenewyork.com/shop/hats/e6v8ano32/phij9bmfn?alt=0,https://www.supremenewyork.com/shop/hats/e6v8ano32/jnj9pdxu2,https://www.supremenewyork.com/shop/hats/e6v8ano32/jnj9pdxu2?alt=0,https://www.supremenewyork.com/shop/hats/e6v8ano32/sivaxb58h,https://www.supremenewyork.com/shop/hats/e6v8ano32/sivaxb58h?alt=0,https://www.supremenewyork.com/shop/hats/e6v8ano32/fkx9gytzb,https://www.supremenewyork.com/shop/hats/e6v8ano32/fkx9gytzb?alt=0,https://www.supremenewyork.com/shop/hats/e6v8ano32/t4tm7abo8,https://www.supremenewyork.com/shop/hats/e6v8ano32/t4tm7abo8?alt=0"
Supreme®/Duraflame® Fire Log (Pack of 6),https://www.supremenewyork.com/shop/accessories/f50kxozvn,¥7700,"Flames","https://www.supremenewyork.com/shop/accessories/f50kxozvn/zhx6ai70z"
Thermal Work Shirt,https://www.supremenewyork.com/shop/shirts/y2ldj8h6a,¥19800,"Plaid,Black,Work Green,Dusty Maroon","https://www.supremenewyork.com/shop/shirts/y2ldj8h6a/t6yxjc8d9,https://www.supremenewyork.com/shop/shirts/y2ldj8h6a/t6yxjc8d9?alt=0,https://www.supremenewyork.com/shop/shirts/y2ldj8h6a/bj2zob8v1,https://www.supremenewyork.com/shop/shirts/y2ldj8h6a/bj2zob8v1?alt=0,https://www.supremenewyork.com/shop/shirts/y2ldj8h6a/png2yzlv3,https://www.supremenewyork.com/shop/shirts/y2ldj8h6a/png2yzlv3?alt=0,https://www.supremenewyork.com/shop/shirts/y2ldj8h6a/f9gdxc0er,https://www.supremenewyork.com/shop/shirts/y2ldj8h6a/f9gdxc0er?alt=0"
Supreme®/Missoni® Crusher,https://www.supremenewyork.com/shop/hats/imfnge4za,¥15400,"Olive,Navy,Black","https://www.supremenewyork.com/shop/hats/imfnge4za/fgdu3zewm,https://www.supremenewyork.com/shop/hats/imfnge4za/fgdu3zewm?alt=0,https://www.supremenewyork.com/shop/hats/imfnge4za/a3cq5u40l,https://www.supremenewyork.com/shop/hats/imfnge4za/a3cq5u40l?alt=0,https://www.supremenewyork.com/shop/hats/imfnge4za/vsa3pw9x4,https://www.supremenewyork.com/shop/hats/imfnge4za/vsa3pw9x4?alt=0"
Small Box Cargo Sweatpant,https://www.supremenewyork.com/shop/pants/vieasxyrh,¥27500,"Dark Royal,Charcoal,Light Pine,Pink,Orange,Black,White,Taupe","https://www.supremenewyork.com/shop/pants/vieasxyrh/y2gx7qrbs,https://www.supremenewyork.com/shop/pants/vieasxyrh/y2gx7qrbs?alt=0,https://www.supremenewyork.com/shop/pants/vieasxyrh/espm4dnz3,https://www.supremenewyork.com/shop/pants/vieasxyrh/espm4dnz3?alt=0,https://www.supremenewyork.com/shop/pants/vieasxyrh/ffk489svp,https://www.supremenewyork.com/shop/pants/vieasxyrh/ffk489svp?alt=0,https://www.supremenewyork.com/shop/pants/vieasxyrh/htbry7k4i,https://www.supremenewyork.com/shop/pants/vieasxyrh/htbry7k4i?alt=0,https://www.supremenewyork.com/shop/pants/vieasxyrh/rrb12zsw7,https://www.supremenewyork.com/shop/pants/vieasxyrh/rrb12zsw7?alt=0,https://www.supremenewyork.com/shop/pants/vieasxyrh/ubmeo2p9k,https://www.supremenewyork.com/shop/pants/vieasxyrh/ubmeo2p9k?alt=0,https://www.supremenewyork.com/shop/pants/vieasxyrh/m6giwutyl,https://www.supremenewyork.com/shop/pants/vieasxyrh/m6giwutyl?alt=0,https://www.supremenewyork.com/shop/pants/vieasxyrh/s8hwtgk5j,https://www.supremenewyork.com/shop/pants/vieasxyrh/s8hwtgk5j?alt=0"
Wool S Logo 6-Panel,https://www.supremenewyork.com/shop/hats/dpkbwe4r3,¥9350,"Olive,Purple,Pink,Blue,White,Black,Red","https://www.supremenewyork.com/shop/hats/dpkbwe4r3/d5d9tn1oh,https://www.supremenewyork.com/shop/hats/dpkbwe4r3/d5d9tn1oh?alt=0,https://www.supremenewyork.com/shop/hats/dpkbwe4r3/flisf2q7r,https://www.supremenewyork.com/shop/hats/dpkbwe4r3/flisf2q7r?alt=0,https://www.supremenewyork.com/shop/hats/dpkbwe4r3/n2fi58p1u,https://www.supremenewyork.com/shop/hats/dpkbwe4r3/n2fi58p1u?alt=0,https://www.supremenewyork.com/shop/hats/dpkbwe4r3/rzhao0une,https://www.supremenewyork.com/shop/hats/dpkbwe4r3/rzhao0une?alt=0,https://www.supremenewyork.com/shop/hats/dpkbwe4r3/x79rxng18,https://www.supremenewyork.com/shop/hats/dpkbwe4r3/x79rxng18?alt=0,https://www.supremenewyork.com/shop/hats/dpkbwe4r3/km39edgyu,https://www.supremenewyork.com/shop/hats/dpkbwe4r3/km39edgyu?alt=0,https://www.supremenewyork.com/shop/hats/dpkbwe4r3/o8gihk46j,https://www.supremenewyork.com/shop/hats/dpkbwe4r3/o8gihk46j?alt=0"
GORE-TEX Corduroy Classic Logo 6-Panel,https://www.supremenewyork.com/shop/hats/shtecjol6,¥8800,"Green,Navy,Pink,White,Black,Rust","https://www.supremenewyork.com/shop/hats/shtecjol6/vdgk20ila,https://www.supremenewyork.com/shop/hats/shtecjol6/vdgk20ila?alt=0,https://www.supremenewyork.com/shop/hats/shtecjol6/vdgk20ila?alt=1,https://www.supremenewyork.com/shop/hats/shtecjol6/k2nkjbmos,https://www.supremenewyork.com/shop/hats/shtecjol6/k2nkjbmos?alt=0,https://www.supremenewyork.com/shop/hats/shtecjol6/k2nkjbmos?alt=1,https://www.supremenewyork.com/shop/hats/shtecjol6/p18fpg0vs,https://www.supremenewyork.com/shop/hats/shtecjol6/p18fpg0vs?alt=0,https://www.supremenewyork.com/shop/hats/shtecjol6/p18fpg0vs?alt=1,https://www.supremenewyork.com/shop/hats/shtecjol6/oz6em4jn0,https://www.supremenewyork.com/shop/hats/shtecjol6/oz6em4jn0?alt=0,https://www.supremenewyork.com/shop/hats/shtecjol6/oz6em4jn0?alt=1,https://www.supremenewyork.com/shop/hats/shtecjol6/f2pt8aird,https://www.supremenewyork.com/shop/hats/shtecjol6/f2pt8aird?alt=0,https://www.supremenewyork.com/shop/hats/shtecjol6/f2pt8aird?alt=1,https://www.supremenewyork.com/shop/hats/shtecjol6/i9l8ipxfk,https://www.supremenewyork.com/shop/hats/shtecjol6/i9l8ipxfk?alt=0,https://www.supremenewyork.com/shop/hats/shtecjol6/i9l8ipxfk?alt=1"
USA Hooded Sweatshirt,https://www.supremenewyork.com/shop/sweatshirts/ia94jgpmt,¥27500,"Dark Brown,Purple,Light Sage,Black,Ash Grey,Red","https://www.supremenewyork.com/shop/sweatshirts/ia94jgpmt/qd8m13yci,https://www.supremenewyork.com/shop/sweatshirts/ia94jgpmt/t5envo1wq,https://www.supremenewyork.com/shop/sweatshirts/ia94jgpmt/wqyo91jnd,https://www.supremenewyork.com/shop/sweatshirts/ia94jgpmt/vs0f8eazm,https://www.supremenewyork.com/shop/sweatshirts/ia94jgpmt/eta25zu19,https://www.supremenewyork.com/shop/sweatshirts/ia94jgpmt/yxfvaz1ro"
Supreme®/Stanley® 15" Saw,https://www.supremenewyork.com/shop/accessories/mdl2whmr6,¥11000,"Red","https://www.supremenewyork.com/shop/accessories/mdl2whmr6/en97clkoi,https://www.supremenewyork.com/shop/accessories/mdl2whmr6/en97clkoi?alt=0"
Supreme®/Missoni® Zip L/S Polo,https://www.supremenewyork.com/shop/tops-sweaters/or3al74u6,¥35200,"Lime,Black","https://www.supremenewyork.com/shop/tops-sweaters/or3al74u6/a940a78dr,https://www.supremenewyork.com/shop/tops-sweaters/or3al74u6/a940a78dr?alt=0,https://www.supremenewyork.com/shop/tops-sweaters/or3al74u6/a8b0qu7v2,https://www.supremenewyork.com/shop/tops-sweaters/or3al74u6/a8b0qu7v2?alt=0"
Supreme®/Nike® Air Force 1 Low,https://www.supremenewyork.com/shop/shoes/f2r3txuo8,¥11550,"White,Black","https://www.supremenewyork.com/shop/shoes/f2r3txuo8/vci8k94ay,https://www.supremenewyork.com/shop/shoes/f2r3txuo8/vci8k94ay?alt=0,https://www.supremenewyork.com/shop/shoes/f2r3txuo8/vci8k94ay?alt=1,https://www.supremenewyork.com/shop/shoes/f2r3txuo8/vci8k94ay?alt=2,https://www.supremenewyork.com/shop/shoes/f2r3txuo8/qjn5ducgt,https://www.supremenewyork.com/shop/shoes/f2r3txuo8/qjn5ducgt?alt=0,https://www.supremenewyork.com/shop/shoes/f2r3txuo8/qjn5ducgt?alt=1,https://www.supremenewyork.com/shop/shoes/f2r3txuo8/qjn5ducgt?alt=2"
Spaghetti Skateboard,https://www.supremenewyork.com/shop/skate/nc6yejm4q,¥12100,"White - 8.5" x 32.25",Blue - 8.375" x 32.125"","https://www.supremenewyork.com/shop/skate/nc6yejm4q/fywmtj5x1,https://www.supremenewyork.com/shop/skate/nc6yejm4q/jmvwpq4ra"
Snowman Hooded Sweatshirt,https://www.supremenewyork.com/shop/sweatshirts/vfb90jvs5,¥28600,"Dark Royal,Heather Grey,Black,Light Olive,Light Pink","https://www.supremenewyork.com/shop/sweatshirts/vfb90jvs5/iub76ey4n,https://www.supremenewyork.com/shop/sweatshirts/vfb90jvs5/iub76ey4n?alt=0,https://www.supremenewyork.com/shop/sweatshirts/vfb90jvs5/e87igc50u,https://www.supremenewyork.com/shop/sweatshirts/vfb90jvs5/e87igc50u?alt=0,https://www.supremenewyork.com/shop/sweatshirts/vfb90jvs5/qwosalrxv,https://www.supremenewyork.com/shop/sweatshirts/vfb90jvs5/qwosalrxv?alt=0,https://www.supremenewyork.com/shop/sweatshirts/vfb90jvs5/bn6lujhfr,https://www.supremenewyork.com/shop/sweatshirts/vfb90jvs5/bn6lujhfr?alt=0,https://www.supremenewyork.com/shop/sweatshirts/vfb90jvs5/w9jkdx8aq,https://www.supremenewyork.com/shop/sweatshirts/vfb90jvs5/w9jkdx8aq?alt=0"
Backpack,https://www.supremenewyork.com/shop/bags/rmn0tl57k,¥24200,"Purple,Woodland Camo,Orange,Black","https://www.supremenewyork.com/shop/bags/rmn0tl57k/pv3szu69t,https://www.supremenewyork.com/shop/bags/rmn0tl57k/pv3szu69t?alt=0,https://www.supremenewyork.com/shop/bags/rmn0tl57k/pv3szu69t?alt=1,https://www.supremenewyork.com/shop/bags/rmn0tl57k/x8t2ny5vo,https://www.supremenewyork.com/shop/bags/rmn0tl57k/x8t2ny5vo?alt=0,https://www.supremenewyork.com/shop/bags/rmn0tl57k/x8t2ny5vo?alt=1,https://www.supremenewyork.com/shop/bags/rmn0tl57k/fopwrq4s8,https://www.supremenewyork.com/shop/bags/rmn0tl57k/fopwrq4s8?alt=0,https://www.supremenewyork.com/shop/bags/rmn0tl57k/fopwrq4s8?alt=1,https://www.supremenewyork.com/shop/bags/rmn0tl57k/kd1b3r8ns,https://www.supremenewyork.com/shop/bags/rmn0tl57k/kd1b3r8ns?alt=0,https://www.supremenewyork.com/shop/bags/rmn0tl57k/kd1b3r8ns?alt=1"
Supreme®/Hanes® Tagless Tees (2 Pack),https://www.supremenewyork.com/shop/accessories/qg9opwia3,¥5500,"Pink","https://www.supremenewyork.com/shop/accessories/qg9opwia3/jofscq2iz"
Gonz Nametag Beanie,https://www.supremenewyork.com/shop/hats/qdu2js0nm,¥5500,"Black,Natural,Pink,Teal,Navy,Brown,Yellow","https://www.supremenewyork.com/shop/hats/qdu2js0nm/k0pb4vr7e,https://www.supremenewyork.com/shop/hats/qdu2js0nm/d6yfkuna7,https://www.supremenewyork.com/shop/hats/qdu2js0nm/zyds4cijw,https://www.supremenewyork.com/shop/hats/qdu2js0nm/c8wpmdo9q,https://www.supremenewyork.com/shop/hats/qdu2js0nm/yz0l932at,https://www.supremenewyork.com/shop/hats/qdu2js0nm/kt2so3hjm,https://www.supremenewyork.com/shop/hats/qdu2js0nm/gzupyk51t"
Supreme®/Hanes® Boxer Briefs (2 Pack),https://www.supremenewyork.com/shop/accessories/t9cx5gupm,¥5500,"Pink","https://www.supremenewyork.com/shop/accessories/t9cx5gupm/vvt7rcy6i"
Supreme®/Hanes® Crew Socks (4 Pack),https://www.supremenewyork.com/shop/accessories/n3tvhmcxz,¥3520,"White,Black","https://www.supremenewyork.com/shop/accessories/n3tvhmcxz/xin7fbr08,https://www.supremenewyork.com/shop/accessories/n3tvhmcxz/nro2l06e8"
Supreme®/Nike® Air Force 1 Low,https://www.supremenewyork.com/shop/shoes/p1eif952o,¥18150,"Wheat","https://www.supremenewyork.com/shop/shoes/p1eif952o/di4tevzsa,https://www.supremenewyork.com/shop/shoes/p1eif952o/di4tevzsa?alt=0,https://www.supremenewyork.com/shop/shoes/p1eif952o/di4tevzsa?alt=1,https://www.supremenewyork.com/shop/shoes/p1eif952o/di4tevzsa?alt=2"
Ecstasy Hooded Sweatshirt,https://www.supremenewyork.com/shop/sweatshirts/e7rmz496c,¥28600,"Ash Grey,Dark Brown,Dusty Purple,Black","https://www.supremenewyork.com/shop/sweatshirts/e7rmz496c/fejq4gyrs,https://www.supremenewyork.com/shop/sweatshirts/e7rmz496c/zh6emvcgu,https://www.supremenewyork.com/shop/sweatshirts/e7rmz496c/yvdp3eksn,https://www.supremenewyork.com/shop/sweatshirts/e7rmz496c/ykityojfr"
Supreme®/Missoni® Hooded Sweatshirt,https://www.supremenewyork.com/shop/sweatshirts/qxgntuobf,¥30800,"Brown,White,Black","https://www.supremenewyork.com/shop/sweatshirts/qxgntuobf/cavusq4er,https://www.supremenewyork.com/shop/sweatshirts/qxgntuobf/cavusq4er?alt=0,https://www.supremenewyork.com/shop/sweatshirts/qxgntuobf/cklqzbf3n,https://www.supremenewyork.com/shop/sweatshirts/qxgntuobf/cklqzbf3n?alt=0,https://www.supremenewyork.com/shop/sweatshirts/qxgntuobf/k8rjuzbs2,https://www.supremenewyork.com/shop/sweatshirts/qxgntuobf/k8rjuzbs2?alt=0"
Duffle Bag,https://www.supremenewyork.com/shop/bags/w8zq0jxnm,¥22000,"Purple,Woodland Camo,Orange,Black","https://www.supremenewyork.com/shop/bags/w8zq0jxnm/i0lhdm5ua,https://www.supremenewyork.com/shop/bags/w8zq0jxnm/i0lhdm5ua?alt=0,https://www.supremenewyork.com/shop/bags/w8zq0jxnm/i0lhdm5ua?alt=1,https://www.supremenewyork.com/shop/bags/w8zq0jxnm/i0lhdm5ua?alt=2,https://www.supremenewyork.com/shop/bags/w8zq0jxnm/n7ym3wpik,https://www.supremenewyork.com/shop/bags/w8zq0jxnm/n7ym3wpik?alt=0,https://www.supremenewyork.com/shop/bags/w8zq0jxnm/n7ym3wpik?alt=1,https://www.supremenewyork.com/shop/bags/w8zq0jxnm/n7ym3wpik?alt=2,https://www.supremenewyork.com/shop/bags/w8zq0jxnm/izpinxh2f,https://www.supremenewyork.com/shop/bags/w8zq0jxnm/izpinxh2f?alt=0,https://www.supremenewyork.com/shop/bags/w8zq0jxnm/izpinxh2f?alt=1,https://www.supremenewyork.com/shop/bags/w8zq0jxnm/izpinxh2f?alt=2,https://www.supremenewyork.com/shop/bags/w8zq0jxnm/kvyqwt7im,https://www.supremenewyork.com/shop/bags/w8zq0jxnm/kvyqwt7im?alt=0,https://www.supremenewyork.com/shop/bags/w8zq0jxnm/kvyqwt7im?alt=1,https://www.supremenewyork.com/shop/bags/w8zq0jxnm/kvyqwt7im?alt=2"
Swing Top 1.0L Bottle (Set of 2),https://www.supremenewyork.com/shop/accessories/i9kflos3w,¥7700,"Clear","https://www.supremenewyork.com/shop/accessories/i9kflos3w/r638wop2r"
Rigid Slim Jean,https://www.supremenewyork.com/shop/pants/w13oybijp,¥26400,"Rigid Indigo","https://www.supremenewyork.com/shop/pants/w13oybijp/n2kiewbyg,https://www.supremenewyork.com/shop/pants/w13oybijp/n2kiewbyg?alt=0"
Christopher Wool/Supreme Denim Work Jacket,https://www.supremenewyork.com/shop/jackets/cn0desh5r,¥33000,"Red,Black","https://www.supremenewyork.com/shop/jackets/cn0desh5r/x49uok7pc,https://www.supremenewyork.com/shop/jackets/cn0desh5r/x49uok7pc?alt=0,https://www.supremenewyork.com/shop/jackets/cn0desh5r/x49uok7pc?alt=1,https://www.supremenewyork.com/shop/jackets/cn0desh5r/jo52gs64r,https://www.supremenewyork.com/shop/jackets/cn0desh5r/jo52gs64r?alt=0,https://www.supremenewyork.com/shop/jackets/cn0desh5r/jo52gs64r?alt=1"
Bottle Opener Webbing Keychain,https://www.supremenewyork.com/shop/accessories/kye7tzo4g,¥2970,"Purple,Red,Black","https://www.supremenewyork.com/shop/accessories/kye7tzo4g/m6hrkg2lf,https://www.supremenewyork.com/shop/accessories/kye7tzo4g/afcaw5g4t,https://www.supremenewyork.com/shop/accessories/kye7tzo4g/tr67jizwn"
Supreme®/Missoni® Sweater,https://www.supremenewyork.com/shop/tops-sweaters/cjc1k5943,¥46200,"Burgundy,White,Black","https://www.supremenewyork.com/shop/tops-sweaters/cjc1k5943/ftva5l9rd,https://www.supremenewyork.com/shop/tops-sweaters/cjc1k5943/ftva5l9rd?alt=0,https://www.supremenewyork.com/shop/tops-sweaters/cjc1k5943/rk5t2adqe,https://www.supremenewyork.com/shop/tops-sweaters/cjc1k5943/rk5t2adqe?alt=0,https://www.supremenewyork.com/shop/tops-sweaters/cjc1k5943/aiewt452v,https://www.supremenewyork.com/shop/tops-sweaters/cjc1k5943/aiewt452v?alt=0"
Geo Arc L/S Top,https://www.supremenewyork.com/shop/tops-sweaters/x3c2xkft6,¥15400,"Pink,Slate Green,White,Black,Brown","https://www.supremenewyork.com/shop/tops-sweaters/x3c2xkft6/vh0cod13l,https://www.supremenewyork.com/shop/tops-sweaters/x3c2xkft6/vh0cod13l?alt=0,https://www.supremenewyork.com/shop/tops-sweaters/x3c2xkft6/qc0ktf9wg,https://www.supremenewyork.com/shop/tops-sweaters/x3c2xkft6/qc0ktf9wg?alt=0,https://www.supremenewyork.com/shop/tops-sweaters/x3c2xkft6/qr2bkesv6,https://www.supremenewyork.com/shop/tops-sweaters/x3c2xkft6/qr2bkesv6?alt=0,https://www.supremenewyork.com/shop/tops-sweaters/x3c2xkft6/hv6u3ilx0,https://www.supremenewyork.com/shop/tops-sweaters/x3c2xkft6/hv6u3ilx0?alt=0,https://www.supremenewyork.com/shop/tops-sweaters/x3c2xkft6/rmkw3eusx,https://www.supremenewyork.com/shop/tops-sweaters/x3c2xkft6/rmkw3eusx?alt=0"
Shrek Beanie,https://www.supremenewyork.com/shop/hats/y1fbedz60,¥5500,"Cardinal,White,Black,Brown,Turquoise","https://www.supremenewyork.com/shop/hats/y1fbedz60/yc7t0bqkx,https://www.supremenewyork.com/shop/hats/y1fbedz60/ebdy7hm0a,https://www.supremenewyork.com/shop/hats/y1fbedz60/qvntszprf,https://www.supremenewyork.com/shop/hats/y1fbedz60/f46xlrmj2,https://www.supremenewyork.com/shop/hats/y1fbedz60/z1iq8h6a7"
Hooded MA-1,https://www.supremenewyork.com/shop/jackets/bwrdbft9l,¥42900,"Purple,Olive,Black","https://www.supremenewyork.com/shop/jackets/bwrdbft9l/ity2dfeb9,https://www.supremenewyork.com/shop/jackets/bwrdbft9l/ity2dfeb9?alt=0,https://www.supremenewyork.com/shop/jackets/bwrdbft9l/ity2dfeb9?alt=1,https://www.supremenewyork.com/shop/jackets/bwrdbft9l/ity2dfeb9?alt=2,https://www.supremenewyork.com/shop/jackets/bwrdbft9l/s42oemjsn,https://www.supremenewyork.com/shop/jackets/bwrdbft9l/s42oemjsn?alt=0,https://www.supremenewyork.com/shop/jackets/bwrdbft9l/s42oemjsn?alt=1,https://www.supremenewyork.com/shop/jackets/bwrdbft9l/s42oemjsn?alt=2,https://www.supremenewyork.com/shop/jackets/bwrdbft9l/hfxqkcv0n,https://www.supremenewyork.com/shop/jackets/bwrdbft9l/hfxqkcv0n?alt=0,https://www.supremenewyork.com/shop/jackets/bwrdbft9l/hfxqkcv0n?alt=1,https://www.supremenewyork.com/shop/jackets/bwrdbft9l/hfxqkcv0n?alt=2"
Above All Football Jersey,https://www.supremenewyork.com/shop/tops-sweaters/b0zeqavn8,¥15400,"Green,Light Blue,Black","https://www.supremenewyork.com/shop/tops-sweaters/b0zeqavn8/tqgncf5s3,https://www.supremenewyork.com/shop/tops-sweaters/b0zeqavn8/tqgncf5s3?alt=0,https://www.supremenewyork.com/shop/tops-sweaters/b0zeqavn8/tqgncf5s3?alt=1,https://www.supremenewyork.com/shop/tops-sweaters/b0zeqavn8/gztkgrdcj,https://www.supremenewyork.com/shop/tops-sweaters/b0zeqavn8/gztkgrdcj?alt=0,https://www.supremenewyork.com/shop/tops-sweaters/b0zeqavn8/gztkgrdcj?alt=1,https://www.supremenewyork.com/shop/tops-sweaters/b0zeqavn8/uwm8qk124,https://www.supremenewyork.com/shop/tops-sweaters/b0zeqavn8/uwm8qk124?alt=0,https://www.supremenewyork.com/shop/tops-sweaters/b0zeqavn8/uwm8qk124?alt=1"
Sun Damage by Harmony Korine,https://www.supremenewyork.com/shop/accessories/hnrsav1x3,¥3300,"White","https://www.supremenewyork.com/shop/accessories/hnrsav1x3/cfhyugw67,https://www.supremenewyork.com/shop/accessories/hnrsav1x3/cfhyugw67?alt=0,https://www.supremenewyork.com/shop/accessories/hnrsav1x3/cfhyugw67?alt=1,https://www.supremenewyork.com/shop/accessories/hnrsav1x3/cfhyugw67?alt=2,https://www.supremenewyork.com/shop/accessories/hnrsav1x3/cfhyugw67?alt=3"
Supreme®/Tsubota Pearl Hard Edge Lighter,https://www.supremenewyork.com/shop/accessories/x1jm8e6ls,¥7700,"Blue ,Green,Red","https://www.supremenewyork.com/shop/accessories/x1jm8e6ls/flu9fsy52,https://www.supremenewyork.com/shop/accessories/x1jm8e6ls/flu9fsy52?alt=0,https://www.supremenewyork.com/shop/accessories/x1jm8e6ls/xcb3v0skh,https://www.supremenewyork.com/shop/accessories/x1jm8e6ls/xcb3v0skh?alt=0,https://www.supremenewyork.com/shop/accessories/x1jm8e6ls/qz610yogs,https://www.supremenewyork.com/shop/accessories/x1jm8e6ls/qz610yogs?alt=0"
Supreme®/Hanes® Crew Socks (4 Pack),https://www.supremenewyork.com/shop/accessories/sfd9kqs2l,¥3520,"Pink","https://www.supremenewyork.com/shop/accessories/sfd9kqs2l/pr2axdey9"
Lady Pink/Supreme Skateboard,https://www.supremenewyork.com/shop/skate/xcby9upnk,¥14300,"2 - 8.25" x 32" ,1 - 8.125" x 32",3 - 8.375" x 32.125"","https://www.supremenewyork.com/shop/skate/xcby9upnk/n9mevjp67,https://www.supremenewyork.com/shop/skate/xcby9upnk/i5m3obujf,https://www.supremenewyork.com/shop/skate/xcby9upnk/e257v3sjb"
Supreme®/SIGG 0.75L Food Jar,https://www.supremenewyork.com/shop/accessories/wr5xo63bm,¥12100,"Red,Black","https://www.supremenewyork.com/shop/accessories/wr5xo63bm/vcg4qm9yr,https://www.supremenewyork.com/shop/accessories/wr5xo63bm/vcg4qm9yr?alt=0,https://www.supremenewyork.com/shop/accessories/wr5xo63bm/hfjs31yev,https://www.supremenewyork.com/shop/accessories/wr5xo63bm/hfjs31yev?alt=0"
Celtic Knot Reversible WINDSTOPPER® Fleece Hooded Jacket,https://www.supremenewyork.com/shop/jackets/m9ptaujsz,¥35200,"Grey,Dusty Pink,Stone,Black","https://www.supremenewyork.com/shop/jackets/m9ptaujsz/wspw67kl2,https://www.supremenewyork.com/shop/jackets/m9ptaujsz/wspw67kl2?alt=0,https://www.supremenewyork.com/shop/jackets/m9ptaujsz/wspw67kl2?alt=1,https://www.supremenewyork.com/shop/jackets/m9ptaujsz/wspw67kl2?alt=2,https://www.supremenewyork.com/shop/jackets/m9ptaujsz/m6pn5a9bt,https://www.supremenewyork.com/shop/jackets/m9ptaujsz/m6pn5a9bt?alt=0,https://www.supremenewyork.com/shop/jackets/m9ptaujsz/m6pn5a9bt?alt=1,https://www.supremenewyork.com/shop/jackets/m9ptaujsz/m6pn5a9bt?alt=2,https://www.supremenewyork.com/shop/jackets/m9ptaujsz/p80miy1fo,https://www.supremenewyork.com/shop/jackets/m9ptaujsz/p80miy1fo?alt=0,https://www.supremenewyork.com/shop/jackets/m9ptaujsz/p80miy1fo?alt=1,https://www.supremenewyork.com/shop/jackets/m9ptaujsz/p80miy1fo?alt=2,https://www.supremenewyork.com/shop/jackets/m9ptaujsz/ssg5pdwir,https://www.supremenewyork.com/shop/jackets/m9ptaujsz/ssg5pdwir?alt=0,https://www.supremenewyork.com/shop/jackets/m9ptaujsz/ssg5pdwir?alt=1,https://www.supremenewyork.com/shop/jackets/m9ptaujsz/ssg5pdwir?alt=2"
Quit Your Job Quilted Work Jacket,https://www.supremenewyork.com/shop/jackets/aprfzklhv,¥29700,"Blue,Black","https://www.supremenewyork.com/shop/jackets/aprfzklhv/r25k9xvyq,https://www.supremenewyork.com/shop/jackets/aprfzklhv/r25k9xvyq?alt=0,https://www.supremenewyork.com/shop/jackets/aprfzklhv/r25k9xvyq?alt=1,https://www.supremenewyork.com/shop/jackets/aprfzklhv/pvs9d1ih3,https://www.supremenewyork.com/shop/jackets/aprfzklhv/pvs9d1ih3?alt=0,https://www.supremenewyork.com/shop/jackets/aprfzklhv/pvs9d1ih3?alt=1"
Utility Tote,https://www.supremenewyork.com/shop/bags/l0iue1fk3,¥16500,"Purple,Woodland Camo,Orange,Black","https://www.supremenewyork.com/shop/bags/l0iue1fk3/ac27s3lyh,https://www.supremenewyork.com/shop/bags/l0iue1fk3/ac27s3lyh?alt=0,https://www.supremenewyork.com/shop/bags/l0iue1fk3/ac27s3lyh?alt=1,https://www.supremenewyork.com/shop/bags/l0iue1fk3/wnqxk03tm,https://www.supremenewyork.com/shop/bags/l0iue1fk3/wnqxk03tm?alt=0,https://www.supremenewyork.com/shop/bags/l0iue1fk3/wnqxk03tm?alt=1,https://www.supremenewyork.com/shop/bags/l0iue1fk3/z3yog2zju,https://www.supremenewyork.com/shop/bags/l0iue1fk3/z3yog2zju?alt=0,https://www.supremenewyork.com/shop/bags/l0iue1fk3/z3yog2zju?alt=1,https://www.supremenewyork.com/shop/bags/l0iue1fk3/yaomvgjdh,https://www.supremenewyork.com/shop/bags/l0iue1fk3/yaomvgjdh?alt=0,https://www.supremenewyork.com/shop/bags/l0iue1fk3/yaomvgjdh?alt=1"
Regular Jean,https://www.supremenewyork.com/shop/pants/afiea76t9,¥24200,"Bleached Red,Washed Black,Washed Blue","https://www.supremenewyork.com/shop/pants/afiea76t9/w5d3k9oz2,https://www.supremenewyork.com/shop/pants/afiea76t9/w5d3k9oz2?alt=0,https://www.supremenewyork.com/shop/pants/afiea76t9/w5d3k9oz2?alt=1,https://www.supremenewyork.com/shop/pants/afiea76t9/qvbqmjpth,https://www.supremenewyork.com/shop/pants/afiea76t9/qvbqmjpth?alt=0,https://www.supremenewyork.com/shop/pants/afiea76t9/qvbqmjpth?alt=1,https://www.supremenewyork.com/shop/pants/afiea76t9/tuf97esz0,https://www.supremenewyork.com/shop/pants/afiea76t9/tuf97esz0?alt=0,https://www.supremenewyork.com/shop/pants/afiea76t9/tuf97esz0?alt=1"
Supreme®/Missoni® Reversible Knit Jacket,https://www.supremenewyork.com/shop/jackets/fguclmd1n,¥77000,"Olive,Black,Navy","https://www.supremenewyork.com/shop/jackets/fguclmd1n/cx9yz53in,https://www.supremenewyork.com/shop/jackets/fguclmd1n/cx9yz53in?alt=0,https://www.supremenewyork.com/shop/jackets/fguclmd1n/cx9yz53in?alt=1,https://www.supremenewyork.com/shop/jackets/fguclmd1n/cx9yz53in?alt=2,https://www.supremenewyork.com/shop/jackets/fguclmd1n/cx9yz53in?alt=3,https://www.supremenewyork.com/shop/jackets/fguclmd1n/s9m21waoy,https://www.supremenewyork.com/shop/jackets/fguclmd1n/s9m21waoy?alt=0,https://www.supremenewyork.com/shop/jackets/fguclmd1n/s9m21waoy?alt=1,https://www.supremenewyork.com/shop/jackets/fguclmd1n/s9m21waoy?alt=2,https://www.supremenewyork.com/shop/jackets/fguclmd1n/s9m21waoy?alt=3,https://www.supremenewyork.com/shop/jackets/fguclmd1n/pakswln6c,https://www.supremenewyork.com/shop/jackets/fguclmd1n/pakswln6c?alt=0,https://www.supremenewyork.com/shop/jackets/fguclmd1n/pakswln6c?alt=1,https://www.supremenewyork.com/shop/jackets/fguclmd1n/pakswln6c?alt=2,https://www.supremenewyork.com/shop/jackets/fguclmd1n/pakswln6c?alt=3"
Supreme®/Nite Ize S Logo Keychain,https://www.supremenewyork.com/shop/accessories/d6jnsmkgd,¥3300,"Purple,Silver,Red,Black","https://www.supremenewyork.com/shop/accessories/d6jnsmkgd/wbn5yvzj7,https://www.supremenewyork.com/shop/accessories/d6jnsmkgd/wbn5yvzj7?alt=0,https://www.supremenewyork.com/shop/accessories/d6jnsmkgd/js9hnwoe3,https://www.supremenewyork.com/shop/accessories/d6jnsmkgd/js9hnwoe3?alt=0,https://www.supremenewyork.com/shop/accessories/d6jnsmkgd/fs51elynz,https://www.supremenewyork.com/shop/accessories/d6jnsmkgd/fs51elynz?alt=0,https://www.supremenewyork.com/shop/accessories/d6jnsmkgd/m3rlcmep5,https://www.supremenewyork.com/shop/accessories/d6jnsmkgd/m3rlcmep5?alt=0"
Chino Pant,https://www.supremenewyork.com/shop/pants/orhpla7ku,¥22000,"Navy,Brown,Butterflies ,Black","https://www.supremenewyork.com/shop/pants/orhpla7ku/jzqsepm76,https://www.supremenewyork.com/shop/pants/orhpla7ku/jzqsepm76?alt=0,https://www.supremenewyork.com/shop/pants/orhpla7ku/jzqsepm76?alt=1,https://www.supremenewyork.com/shop/pants/orhpla7ku/lh4nboer2,https://www.supremenewyork.com/shop/pants/orhpla7ku/lh4nboer2?alt=0,https://www.supremenewyork.com/shop/pants/orhpla7ku/lh4nboer2?alt=1,https://www.supremenewyork.com/shop/pants/orhpla7ku/iimb6ztr8,https://www.supremenewyork.com/shop/pants/orhpla7ku/iimb6ztr8?alt=0,https://www.supremenewyork.com/shop/pants/orhpla7ku/iimb6ztr8?alt=1,https://www.supremenewyork.com/shop/pants/orhpla7ku/cxpr9fntu,https://www.supremenewyork.com/shop/pants/orhpla7ku/cxpr9fntu?alt=0,https://www.supremenewyork.com/shop/pants/orhpla7ku/cxpr9fntu?alt=1"
Supreme®/Mitchell & Ness® Patchwork Baseball Jersey,https://www.supremenewyork.com/shop/tops-sweaters/elxzcbg1e,¥29700,"Multicolor,Black","https://www.supremenewyork.com/shop/tops-sweaters/elxzcbg1e/e73u25cqe,https://www.supremenewyork.com/shop/tops-sweaters/elxzcbg1e/e73u25cqe?alt=0,https://www.supremenewyork.com/shop/tops-sweaters/elxzcbg1e/e73u25cqe?alt=1,https://www.supremenewyork.com/shop/tops-sweaters/elxzcbg1e/t4bn2iz68,https://www.supremenewyork.com/shop/tops-sweaters/elxzcbg1e/t4bn2iz68?alt=0,https://www.supremenewyork.com/shop/tops-sweaters/elxzcbg1e/t4bn2iz68?alt=1"
Supreme®/Spitfire® Shop Wheels (Set of 4),https://www.supremenewyork.com/shop/skate/z3w2iorxh,¥7150,"White 52mm,Swirl 54mm","https://www.supremenewyork.com/shop/skate/z3w2iorxh/s6zxsyjb3,https://www.supremenewyork.com/shop/skate/z3w2iorxh/fb7rf89c5"
Canvas Tote,https://www.supremenewyork.com/shop/bags/t2kdluvfx,¥13200,"White,Black","https://www.supremenewyork.com/shop/bags/t2kdluvfx/qyq04vgl5,https://www.supremenewyork.com/shop/bags/t2kdluvfx/qyq04vgl5?alt=0,https://www.supremenewyork.com/shop/bags/t2kdluvfx/dutlzrcov,https://www.supremenewyork.com/shop/bags/t2kdluvfx/dutlzrcov?alt=0"
Rainbow Speckle Beanie,https://www.supremenewyork.com/shop/hats/nnq4vw5te,¥7150,"Pink,Blue,White,Black,Rust,Yellow","https://www.supremenewyork.com/shop/hats/nnq4vw5te/za1uxpfi2,https://www.supremenewyork.com/shop/hats/nnq4vw5te/ktc45kw39,https://www.supremenewyork.com/shop/hats/nnq4vw5te/m5wcum1q8,https://www.supremenewyork.com/shop/hats/nnq4vw5te/ixo0if58c,https://www.supremenewyork.com/shop/hats/nnq4vw5te/omt5ri9eo,https://www.supremenewyork.com/shop/hats/nnq4vw5te/shx3o497t"
Christopher Wool/SupremeRegular Jean,https://www.supremenewyork.com/shop/pants/nn6bm1avg,¥26400,"Red,Black","https://www.supremenewyork.com/shop/pants/nn6bm1avg/gibfj6g2s,https://www.supremenewyork.com/shop/pants/nn6bm1avg/gibfj6g2s?alt=0,https://www.supremenewyork.com/shop/pants/nn6bm1avg/gibfj6g2s?alt=1,https://www.supremenewyork.com/shop/pants/nn6bm1avg/yci3bsenx,https://www.supremenewyork.com/shop/pants/nn6bm1avg/yci3bsenx?alt=0,https://www.supremenewyork.com/shop/pants/nn6bm1avg/yci3bsenx?alt=1"
Side Bag,https://www.supremenewyork.com/shop/bags/poz5gu3kw,¥11000,"Purple,Woodland Camo,Orange,Black","https://www.supremenewyork.com/shop/bags/poz5gu3kw/xg71upn9c,https://www.supremenewyork.com/shop/bags/poz5gu3kw/xg71upn9c?alt=0,https://www.supremenewyork.com/shop/bags/poz5gu3kw/fmscz5w67,https://www.supremenewyork.com/shop/bags/poz5gu3kw/fmscz5w67?alt=0,https://www.supremenewyork.com/shop/bags/poz5gu3kw/ethyjqufx,https://www.supremenewyork.com/shop/bags/poz5gu3kw/ethyjqufx?alt=0,https://www.supremenewyork.com/shop/bags/poz5gu3kw/ws8ogeptv,https://www.supremenewyork.com/shop/bags/poz5gu3kw/ws8ogeptv?alt=0"
Small Box L/S Tee,https://www.supremenewyork.com/shop/tops-sweaters/g83h1ey6g,¥11000,"Dark Brown,Navy,Cyan,Light Pine,Dark Orange,White,Black,Olive Russian Camo,Light Pink","https://www.supremenewyork.com/shop/tops-sweaters/g83h1ey6g/qhuk7legs,https://www.supremenewyork.com/shop/tops-sweaters/g83h1ey6g/lpv8xh3un,https://www.supremenewyork.com/shop/tops-sweaters/g83h1ey6g/ajnba3wv8,https://www.supremenewyork.com/shop/tops-sweaters/g83h1ey6g/z9f7inexj,https://www.supremenewyork.com/shop/tops-sweaters/g83h1ey6g/q5ascil2u,https://www.supremenewyork.com/shop/tops-sweaters/g83h1ey6g/fenocwua7,https://www.supremenewyork.com/shop/tops-sweaters/g83h1ey6g/b9fbrxesl,https://www.supremenewyork.com/shop/tops-sweaters/g83h1ey6g/vuzf9y6d1,https://www.supremenewyork.com/shop/tops-sweaters/g83h1ey6g/rq5tif62p"
Wrap Logo Beanie,https://www.supremenewyork.com/shop/hats/otjcefzx2,¥5500,"Navy,White,Black,Turquoise,Peach","https://www.supremenewyork.com/shop/hats/otjcefzx2/z3k4bg1mt,https://www.supremenewyork.com/shop/hats/otjcefzx2/z3k4bg1mt?alt=0,https://www.supremenewyork.com/shop/hats/otjcefzx2/r02su9xyc,https://www.supremenewyork.com/shop/hats/otjcefzx2/r02su9xyc?alt=0,https://www.supremenewyork.com/shop/hats/otjcefzx2/kemjs8q39,https://www.supremenewyork.com/shop/hats/otjcefzx2/kemjs8q39?alt=0,https://www.supremenewyork.com/shop/hats/otjcefzx2/sbvmr5ky7,https://www.supremenewyork.com/shop/hats/otjcefzx2/sbvmr5ky7?alt=0,https://www.supremenewyork.com/shop/hats/otjcefzx2/vvt3akfye,https://www.supremenewyork.com/shop/hats/otjcefzx2/vvt3akfye?alt=0"
S Logo Split Hooded Sweatshirt,https://www.supremenewyork.com/shop/sweatshirts/pie1rtd4p,¥29700,"Heather Grey,Dark Green,Tan,Black,Light Pink","https://www.supremenewyork.com/shop/sweatshirts/pie1rtd4p/dbj0ht129,https://www.supremenewyork.com/shop/sweatshirts/pie1rtd4p/dbj0ht129?alt=0,https://www.supremenewyork.com/shop/sweatshirts/pie1rtd4p/x3uh6iqva,https://www.supremenewyork.com/shop/sweatshirts/pie1rtd4p/x3uh6iqva?alt=0,https://www.supremenewyork.com/shop/sweatshirts/pie1rtd4p/klxkwofns,https://www.supremenewyork.com/shop/sweatshirts/pie1rtd4p/klxkwofns?alt=0,https://www.supremenewyork.com/shop/sweatshirts/pie1rtd4p/ygaj70v49,https://www.supremenewyork.com/shop/sweatshirts/pie1rtd4p/ygaj70v49?alt=0,https://www.supremenewyork.com/shop/sweatshirts/pie1rtd4p/ejypuzdkr,https://www.supremenewyork.com/shop/sweatshirts/pie1rtd4p/ejypuzdkr?alt=0"
Cargo Pant,https://www.supremenewyork.com/shop/pants/jk8p3jmtz,¥24200,"Black,Navy,Red,Olive Russian Camo,Black Russian Camo","https://www.supremenewyork.com/shop/pants/jk8p3jmtz/l8go54h6t,https://www.supremenewyork.com/shop/pants/jk8p3jmtz/l8go54h6t?alt=0,https://www.supremenewyork.com/shop/pants/jk8p3jmtz/l8go54h6t?alt=1,https://www.supremenewyork.com/shop/pants/jk8p3jmtz/hkacyjodf,https://www.supremenewyork.com/shop/pants/jk8p3jmtz/hkacyjodf?alt=0,https://www.supremenewyork.com/shop/pants/jk8p3jmtz/hkacyjodf?alt=1,https://www.supremenewyork.com/shop/pants/jk8p3jmtz/uh4rg0tmz,https://www.supremenewyork.com/shop/pants/jk8p3jmtz/uh4rg0tmz?alt=0,https://www.supremenewyork.com/shop/pants/jk8p3jmtz/uh4rg0tmz?alt=1,https://www.supremenewyork.com/shop/pants/jk8p3jmtz/ng9yv5614,https://www.supremenewyork.com/shop/pants/jk8p3jmtz/ng9yv5614?alt=0,https://www.supremenewyork.com/shop/pants/jk8p3jmtz/ng9yv5614?alt=1,https://www.supremenewyork.com/shop/pants/jk8p3jmtz/bog7hkb91,https://www.supremenewyork.com/shop/pants/jk8p3jmtz/bog7hkb91?alt=0,https://www.supremenewyork.com/shop/pants/jk8p3jmtz/bog7hkb91?alt=1"
